"Zone","Distibutor Code","Distibutor Name","Material Code","Material Description","Thickness","Width","Jan-2020","Feb-2020","Mar-2020"
"EAST","100922","BUBNA COMMERCIAL CO.","195051","GCSHEETTATXGCGC01040X1220x3660",0.4,1220,7.3,7.3,7.3
"EAST","100922","BUBNA COMMERCIAL CO.","180187","GCSHEETTATXGCGC01050X1220X3050",0.5,1220,13.2,13.2,13.2
"EAST","100922","BUBNA COMMERCIAL CO.","143219","GCSHEETTATXGCGC01050X840X3050",0.5,840,15,15,15
"EAST","100922","BUBNA COMMERCIAL CO.","143196","GCSHEETTATXGCGC01030X800X3050",0.3,800,8.1,8.1,8.1
"EAST","100922","BUBNA COMMERCIAL CO.","143169","GCSHEETTATXGCGC01020X800X3050",0.2,800,7.5,7.5,7.5
"EAST","100922","BUBNA COMMERCIAL CO.","220720","GCSHEETTATXGCGC0104X910X3660",0.4,910,8.1,8.1,8.1
"EAST","100922","BUBNA COMMERCIAL CO.","143214","GCSHEETTATXGCGC01045X840X3050",0.45,840,10.4,10.4,10.4
"EAST","100922","BUBNA COMMERCIAL CO.","143141","GCSHEETTATXGCGC01020X800X2440",0.2,800,5.7,5.7,5.7
"EAST","100922","BUBNA COMMERCIAL CO.","220706","GCSHEETTATXGCGC01030X910X2440",0.3,910,10,10,10
"EAST","100922","BUBNA COMMERCIAL CO.","180199","GCSHEETTATXGCGC01050X1220X3660",0.5,1220,15,15,15
"EAST","100922","BUBNA COMMERCIAL CO.","143307","GCSHEETTATXGCGC01060X840X3050",0.6,840,12.2,12.2,12.2
"EAST","100922","BUBNA COMMERCIAL CO.","220947","GCSHEETTATXGCGC01030X910X2135",0.3,910,8,8,8
"EAST","100922","BUBNA COMMERCIAL CO.","143323","GCSHEETTATXGCGC01063X840X3050",0.63,840,5.8,5.8,5.8
"EAST","100922","BUBNA COMMERCIAL CO.","220718","GCSHEETTATXGCGC0104X910X2440",0.4,910,8.1,5.3,5.7
"EAST","100922","BUBNA COMMERCIAL CO.","442562","GCSHEETTATXGCGC013X1220X3660",0.3,1220,4.2,4.2,4.2
"NORTH","102084","D D H K Kanpur","436291","GCSHEETTATXGCGC0135X1220X4880",0.35,1220,7.2,7.2,7.2
"NORTH","102084","D D H K Kanpur","436231","GCSHEETTATXGCGC014X1220X3050",0.4,1220,11.8,11.8,11.8
"NORTH","102084","D D H K Kanpur","436290","GCSHEETTATXGCGC0135X1220X4270",0.35,1220,13.8,13.8,13.8
"NORTH","102084","D D H K Kanpur","187549","GCSHEETTATXGCGC01045X1220X3660",0.45,1220,12.2,15.3,14
"NORTH","102084","D D H K Kanpur","187550","GCSHEETTATXGCGC01045X1220X4270",0.45,1220,21.6,19.6,17.8
"NORTH","102084","D D H K Kanpur","436111","GCSHEETTATXGCGC014X1220X4880",0.4,1220,10.4,10.4,10.4
"NORTH","102084","D D H K Kanpur","228913","GCSHEETTATXGCGC01045X1220X4880",0.45,1220,16.7,16.7,16.7
"NORTH","102084","D D H K Kanpur","436262","GCSHEETTATXGCGC0135X1220X3660",0.35,1220,32.4,32.4,32.4
"NORTH","102084","D D H K Kanpur","180199","GCSHEETTATXGCGC01050X1220X3660",0.5,1220,7.8,7.8,7.8
"NORTH","102084","D D H K Kanpur","436110","GCSHEETTATXGCGC014X1220X4270",0.4,1220,18.3,18.6,18.5
"NORTH","102084","D D H K Kanpur","186547","GCSHEETTATXGCGC01050X1220X4270",0.5,1220,4,4,4
"NORTH","102084","D D H K Kanpur","442562","GCSHEETTATXGCGC013X1220X3660",0.3,1220,29.7,29.7,29.7
"NORTH","102084","D D H K Kanpur","442282","GCSHEETTATXGCGC013X1220X4270",0.3,1220,11,11,11
"NORTH","102084","D D H K Kanpur","195051","GCSHEETTATXGCGC01040X1220x3660",0.4,1220,40,40.6,40.8
"EAST","103227","BMW VENTURES LTD.","143219","GCSHEETTATXGCGC01050X840X3050",0.5,840,9.2,9.2,9.2
"EAST","103227","BMW VENTURES LTD.","143145","GCSHEETTATXGCGC01040X800X2440",0.4,800,16.7,16.7,16.7
"EAST","103227","BMW VENTURES LTD.","187550","GCSHEETTATXGCGC01045X1220X4270",0.45,1220,68.7,68.7,68.7
"EAST","103227","BMW VENTURES LTD.","436262","GCSHEETTATXGCGC0135X1220X3660",0.35,1220,35.7,35.7,35.7
"EAST","103227","BMW VENTURES LTD.","195051","GCSHEETTATXGCGC01040X1220x3660",0.4,1220,104,104,104
"EAST","103227","BMW VENTURES LTD.","436231","GCSHEETTATXGCGC014X1220X3050",0.4,1220,64.5,64.5,64.5
"EAST","103227","BMW VENTURES LTD.","180199","GCSHEETTATXGCGC01050X1220X3660",0.5,1220,37.8,37.8,37.8
"EAST","103227","BMW VENTURES LTD.","436261","GCSHEETTATXGCGC0135X1220X3050",0.35,1220,25.6,25.6,25.6
"EAST","103227","BMW VENTURES LTD.","442560","GCSHEETTATXGCGC013X1220X2440",0.3,1220,15.7,15.7,15.7
"EAST","103227","BMW VENTURES LTD.","187549","GCSHEETTATXGCGC01045X1220X3660",0.45,1220,97.5,97.5,97.5
"EAST","103227","BMW VENTURES LTD.","143195","GCSHEETTATXGCGC01030X800X2740",0.3,800,16.8,16.8,16.8
"EAST","103227","BMW VENTURES LTD.","442282","GCSHEETTATXGCGC013X1220X4270",0.3,1220,43.3,43.3,43.3
"EAST","103227","BMW VENTURES LTD.","187546","GCSHEETTATXGCGC01045X1220X2440",0.45,1220,24.5,24.5,24.5
"EAST","103227","BMW VENTURES LTD.","180189","GCSHEETTATXGCGC01060X1220X3050",0.6,1220,4.2,4.2,4.2
"EAST","103227","BMW VENTURES LTD.","143221","GCSHEETTATXGCGC01035X800X2740",0.35,800,18.4,18.4,18.4
"EAST","103227","BMW VENTURES LTD.","228913","GCSHEETTATXGCGC01045X1220X4880",0.45,1220,47.7,28.7,40.3
"EAST","103227","BMW VENTURES LTD.","143218","GCSHEETTATXGCGC01050X840X2740",0.5,840,13.4,13.4,13.4
"EAST","103227","BMW VENTURES LTD.","442561","GCSHEETTATXGCGC013X1220X3050",0.3,1220,44.6,44.6,44.6
"EAST","103227","BMW VENTURES LTD.","436110","GCSHEETTATXGCGC014X1220X4270",0.4,1220,68.9,68.9,68.9
"EAST","103227","BMW VENTURES LTD.","220720","GCSHEETTATXGCGC0104X910X3660",0.4,910,12.6,12.6,12.6
"EAST","103227","BMW VENTURES LTD.","186547","GCSHEETTATXGCGC01050X1220X4270",0.5,1220,25.9,25.9,25.9
"EAST","103227","BMW VENTURES LTD.","184006","GCSHEETTATXGCGC01060X1220X4270",0.6,1220,1.4,2.5,1.3
"EAST","103227","BMW VENTURES LTD.","187548","GCSHEETTATXGCGC01045X1220X3050",0.45,1220,77.2,77.2,77.2
"EAST","103227","BMW VENTURES LTD.","143197","GCSHEETTATXGCGC01030X800X3660",0.3,800,25.1,25.1,25.1
"EAST","103227","BMW VENTURES LTD.","436259","GCSHEETTATXGCGC0135X1220X2440",0.35,1220,11.2,11.2,11.2
"EAST","103227","BMW VENTURES LTD.","143147","GCSHEETTATXGCGC01050X840X2440",0.5,840,8.4,8.4,8.4
"EAST","103227","BMW VENTURES LTD.","442562","GCSHEETTATXGCGC013X1220X3660",0.3,1220,84.9,84.9,84.9
"EAST","103374","KAUSALYA","186547","GCSHEETTATXGCGC01050X1220X4270",0.5,1220,13.7,13.7,13.7
"EAST","103374","KAUSALYA","187548","GCSHEETTATXGCGC01045X1220X3050",0.45,1220,28,22.4,22.4
"EAST","103374","KAUSALYA","436231","GCSHEETTATXGCGC014X1220X3050",0.4,1220,16.4,16.4,16.4
"EAST","103374","KAUSALYA","187549","GCSHEETTATXGCGC01045X1220X3660",0.45,1220,31.3,31.3,31.3
"EAST","103374","KAUSALYA","180187","GCSHEETTATXGCGC01050X1220X3050",0.5,1220,24,24,24
"EAST","103374","KAUSALYA","182187","GCSHEETTATXGCGC01050X1220X2440",0.5,1220,6.5,6.5,6.5
"EAST","103374","KAUSALYA","180201","GCSHEETTATXGCGC01060X1220X3660",0.6,1220,10.8,10.8,10.8
"EAST","103374","KAUSALYA","436110","GCSHEETTATXGCGC014X1220X4270",0.4,1220,5.1,5.1,5.1
"EAST","103374","KAUSALYA","442561","GCSHEETTATXGCGC013X1220X3050",0.3,1220,14.7,14.7,14.7
"EAST","103374","KAUSALYA","187550","GCSHEETTATXGCGC01045X1220X4270",0.45,1220,16.4,16.4,16.4
"EAST","103374","KAUSALYA","436262","GCSHEETTATXGCGC0135X1220X3660",0.35,1220,13.9,13.9,13.9
"EAST","103374","KAUSALYA","436261","GCSHEETTATXGCGC0135X1220X3050",0.35,1220,8.9,8.9,8.9
"EAST","103374","KAUSALYA","442560","GCSHEETTATXGCGC013X1220X2440",0.3,1220,4.5,4.5,4.5
"EAST","103374","KAUSALYA","436290","GCSHEETTATXGCGC0135X1220X4270",0.35,1220,2.6,2.4,3.5
"EAST","103374","KAUSALYA","195051","GCSHEETTATXGCGC01040X1220x3660",0.4,1220,22,22,22
"EAST","103374","KAUSALYA","442562","GCSHEETTATXGCGC013X1220X3660",0.3,1220,11.4,11.4,11.4
"EAST","103374","KAUSALYA","180199","GCSHEETTATXGCGC01050X1220X3660",0.5,1220,22.3,22.3,22.3
"EAST","103374","KAUSALYA","184006","GCSHEETTATXGCGC01060X1220X4270",0.6,1220,5.9,5.9,5.9
"EAST","103374","KAUSALYA","180189","GCSHEETTATXGCGC01060X1220X3050",0.6,1220,8.7,8.7,8.7
"EAST","103671","BAJRANG STEEL","143143","GCSHEETTATXGCGC01030X800X2440",0.3,800,22.9,23.8,23.9
"EAST","103671","BAJRANG STEEL","143219","GCSHEETTATXGCGC01050X840X3050",0.5,840,22.7,22.7,22.7
"EAST","103671","BAJRANG STEEL","442649","GCSHEETTATXGCGC013X1220X4880",0.3,1220,3.1,3.1,3.1
"EAST","103671","BAJRANG STEEL","187550","GCSHEETTATXGCGC01045X1220X4270",0.45,1220,10.9,10.9,10.9
"EAST","103671","BAJRANG STEEL","220948","GCSHEETTATXGCGC01030X910X2740",0.3,910,12.8,12.8,12.8
"EAST","103671","BAJRANG STEEL","187548","GCSHEETTATXGCGC01045X1220X3050",0.45,1220,16.5,16.5,16.5
"EAST","103671","BAJRANG STEEL","220719","GCSHEETTATXGCGC0104X910X3050",0.4,910,12.9,12.9,12.9
"EAST","103671","BAJRANG STEEL","220727","GCSHEETTATXGCGC01035X910X4270",0.35,910,7.9,7.9,7.9
"EAST","103671","BAJRANG STEEL","143223","GCSHEETTATXGCGC01035X800X3660",0.35,800,11,11,11
"EAST","103671","BAJRANG STEEL","143323","GCSHEETTATXGCGC01063X840X3050",0.63,840,8.9,7.1,5.5
NA,"114602",NA,"143125","GCSHEETTATXGCGC01025X800X2135",0.25,800,9.2,9.2,9.2
NA,"114602",NA,"143126","GCSHEETTATXGCGC01030X800X2135",0.3,800,17.4,17.4,17.4
NA,"114602",NA,"143223","GCSHEETTATXGCGC01035X800X3660",0.35,800,22.8,22.8,22.8
NA,"114602",NA,"143143","GCSHEETTATXGCGC01030X800X2440",0.3,800,24.6,24.6,24.6
NA,"114602",NA,"220724","GCSHEETTATXGCGC01035X910X2440",0.35,910,7.9,7.9,7.9
NA,"114602",NA,"187546","GCSHEETTATXGCGC01045X1220X2440",0.45,1220,5.7,5.7,5.7
NA,"114602",NA,"143147","GCSHEETTATXGCGC01050X840X2440",0.5,840,8.5,8.5,8.5
NA,"114602",NA,"143308","GCSHEETTATXGCGC01060X840X3660",0.6,840,12.5,12.1,12
NA,"114602",NA,"220726","GCSHEETTATXGCGC01035X910X3660",0.35,910,15.5,15.5,15.5
NA,"114602",NA,"143177","GCSHEETTATXGCGC01025X800X3660",0.25,800,13.3,11.8,11.8
NA,"114602",NA,"143178","GCSHEETTATXGCGC01025X800X4270",0.25,800,5.6,6.1,6.4
NA,"114602",NA,"143196","GCSHEETTATXGCGC01030X800X3050",0.3,800,6.5,18.3,29.2
NA,"114602",NA,"436262","GCSHEETTATXGCGC0135X1220X3660",0.35,1220,14.9,14.9,14.9
NA,"114602",NA,"143215","GCSHEETTATXGCGC01045X840X3660",0.45,840,17.7,18.8,18.8
NA,"114602",NA,"222757","GCSHEETTATXGCGC01045X910X3660",0.45,910,3.7,4.9,4.3
NA,"114602",NA,"187550","GCSHEETTATXGCGC01045X1220X4270",0.45,1220,16.2,16.2,16.2
NA,"114602",NA,"143270","GCSHEETTATXGCGC01050X840X3660",0.5,840,26.8,26.8,26.8
NA,"114602",NA,"436290","GCSHEETTATXGCGC0135X1220X4270",0.35,1220,11.7,11.7,11.7
NA,"114602",NA,"186547","GCSHEETTATXGCGC01050X1220X4270",0.5,1220,6.3,6.3,6.3
NA,"114602",NA,"180199","GCSHEETTATXGCGC01050X1220X3660",0.5,1220,8.2,8.2,8.2
NA,"114602",NA,"221880","GCSHEETTATXGCGC01035X910X2135",0.35,910,7.7,7.7,7.7
"EAST","115048","SRIRAM SALES","220726","GCSHEETTATXGCGC01035X910X3660",0.35,910,10.5,10.5,10.5
"EAST","115048","SRIRAM SALES","187546","GCSHEETTATXGCGC01045X1220X2440",0.45,1220,5.4,5.4,5.4
"EAST","115048","SRIRAM SALES","220707","GCSHEETTATXGCGC01030X910X3050",0.3,910,11.2,11.2,11.2
"EAST","115048","SRIRAM SALES","436259","GCSHEETTATXGCGC0135X1220X2440",0.35,1220,4,4,4
"EAST","115048","SRIRAM SALES","306693","GCSHEETTATXGCGC0125X910X3050",0.25,910,6.4,6.4,6.4
"EAST","115048","SRIRAM SALES","436261","GCSHEETTATXGCGC0135X1220X3050",0.35,1220,10,10,10
"EAST","115048","SRIRAM SALES","436231","GCSHEETTATXGCGC014X1220X3050",0.4,1220,8.7,8.7,8.7
"EAST","115048","SRIRAM SALES","186547","GCSHEETTATXGCGC01050X1220X4270",0.5,1220,7.9,7.9,7.9
"EAST","115048","SRIRAM SALES","180187","GCSHEETTATXGCGC01050X1220X3050",0.5,1220,8.4,8.4,8.4
"EAST","115048","SRIRAM SALES","442560","GCSHEETTATXGCGC013X1220X2440",0.3,1220,5.5,5.5,5.5
"EAST","115048","SRIRAM SALES","436290","GCSHEETTATXGCGC0135X1220X4270",0.35,1220,9.3,9.3,9.3
"EAST","115048","SRIRAM SALES","220708","GCSHEETTATXGCGC01030X910X3660",0.3,910,20.6,20.6,20.6
"EAST","115048","SRIRAM SALES","436262","GCSHEETTATXGCGC0135X1220X3660",0.35,1220,15.8,15.8,15.8
"EAST","115048","SRIRAM SALES","442282","GCSHEETTATXGCGC013X1220X4270",0.3,1220,8.6,8.6,8.6
"EAST","115048","SRIRAM SALES","442561","GCSHEETTATXGCGC013X1220X3050",0.3,1220,10.3,10.3,10.3
"EAST","115048","SRIRAM SALES","442562","GCSHEETTATXGCGC013X1220X3660",0.3,1220,18.1,18.1,18.1
"EAST","115048","SRIRAM SALES","195051","GCSHEETTATXGCGC01040X1220x3660",0.4,1220,13.8,13.8,13.8
"EAST","115048","SRIRAM SALES","306582","GCSHEETTATXGCGC0125X910X3660",0.25,910,13.2,13.2,13.2
"EAST","115048","SRIRAM SALES","436110","GCSHEETTATXGCGC014X1220X4270",0.4,1220,8.6,10.1,9.8
"EAST","115048","SRIRAM SALES","180199","GCSHEETTATXGCGC01050X1220X3660",0.5,1220,13,13,13
"NORTH","115190","Sheyrub Agencies Srinagar","220724","GCSHEETTATXGCGC01035X910X2440",0.35,910,9.5,9.5,9.5
"NORTH","115190","Sheyrub Agencies Srinagar","222758","GCSHEETTATXGCGC01045X910X3050",0.45,910,21.2,21.2,21.2
"NORTH","115190","Sheyrub Agencies Srinagar","143145","GCSHEETTATXGCGC01040X800X2440",0.4,800,3.1,3.1,3.1
"NORTH","115190","Sheyrub Agencies Srinagar","220720","GCSHEETTATXGCGC0104X910X3660",0.4,910,15.3,15.3,15.3
"NORTH","115190","Sheyrub Agencies Srinagar","220714","GCSHEETTATXGCGC0104X910X1830",0.4,910,15.2,15.2,15.2
"NORTH","115190","Sheyrub Agencies Srinagar","143231","GCSHEETTATXGCGC01040X800X4880",0.4,800,2.4,2.4,2.4
"NORTH","115190","Sheyrub Agencies Srinagar","221069","GCSHEETTATXGCGC01050X910X3660",0.5,910,17.2,17.2,17.2
"NORTH","115190","Sheyrub Agencies Srinagar","231229","GCSHEETTATXGCGC01050X910X4880",0.5,910,7.3,7.3,7.3
"NORTH","115190","Sheyrub Agencies Srinagar","143228","GCSHEETTATXGCGC01040X800X3050",0.4,800,19.8,19.8,19.8
"NORTH","115190","Sheyrub Agencies Srinagar","220723","GCSHEETTATXGCGC01035X910X1830",0.35,910,15.1,15.1,15.1
"NORTH","115190","Sheyrub Agencies Srinagar","220706","GCSHEETTATXGCGC01030X910X2440",0.3,910,10.1,5.6,6.7
"NORTH","115190","Sheyrub Agencies Srinagar","221068","GCSHEETTATXGCGC01050X910X3050",0.5,910,90.7,90.7,90.7
"NORTH","115190","Sheyrub Agencies Srinagar","143222","GCSHEETTATXGCGC01035X800X3050",0.35,800,20.9,20.9,20.9
"NORTH","115190","Sheyrub Agencies Srinagar","231213","GCSHEETTATXGCGC01050X910X2440",0.5,910,26.6,26.6,26.6
"NORTH","115190","Sheyrub Agencies Srinagar","220707","GCSHEETTATXGCGC01030X910X3050",0.3,910,34.5,34.4,34.4
"NORTH","115190","Sheyrub Agencies Srinagar","220725","GCSHEETTATXGCGC01035X910X3050",0.35,910,50.9,50.9,50.9
"NORTH","115190","Sheyrub Agencies Srinagar","143143","GCSHEETTATXGCGC01030X800X2440",0.3,800,6.9,6.9,6.9
"NORTH","115190","Sheyrub Agencies Srinagar","143196","GCSHEETTATXGCGC01030X800X3050",0.3,800,20.8,20.8,20.8
"NORTH","115190","Sheyrub Agencies Srinagar","143176","GCSHEETTATXGCGC01025X800X3050",0.25,800,8.3,8.3,8.3
"NORTH","115190","Sheyrub Agencies Srinagar","220719","GCSHEETTATXGCGC0104X910X3050",0.4,910,77.8,77.8,77.8
"EAST","117061","BHARTIYA","436110","GCSHEETTATXGCGC014X1220X4270",0.4,1220,7.9,7.9,7.9
"EAST","117061","BHARTIYA","180201","GCSHEETTATXGCGC01060X1220X3660",0.6,1220,4.7,4.7,4.7
"EAST","117061","BHARTIYA","187548","GCSHEETTATXGCGC01045X1220X3050",0.45,1220,8.1,9.4,9
"EAST","117061","BHARTIYA","442560","GCSHEETTATXGCGC013X1220X2440",0.3,1220,5.9,5.9,5.9
"EAST","117061","BHARTIYA","436231","GCSHEETTATXGCGC014X1220X3050",0.4,1220,12.7,12.7,12.7
"EAST","117061","BHARTIYA","306694","GCSHEETTATXGCGC0125X910X2440",0.25,910,2.4,2.4,2.4
"EAST","117061","BHARTIYA","220706","GCSHEETTATXGCGC01030X910X2440",0.3,910,9.6,9.6,9.6
"EAST","117061","BHARTIYA","220729","GCSHEETTATXGCGC0103x910x4270",0.3,910,4.9,4.9,4.9
"EAST","117061","BHARTIYA","436262","GCSHEETTATXGCGC0135X1220X3660",0.35,1220,4.9,4.9,4.9
"EAST","117061","BHARTIYA","306693","GCSHEETTATXGCGC0125X910X3050",0.25,910,3.4,3.4,3.4
"EAST","117061","BHARTIYA","184006","GCSHEETTATXGCGC01060X1220X4270",0.6,1220,3.5,3.5,3.5
"EAST","117061","BHARTIYA","442561","GCSHEETTATXGCGC013X1220X3050",0.3,1220,9.8,9.8,9.8
"EAST","117061","BHARTIYA","436290","GCSHEETTATXGCGC0135X1220X4270",0.35,1220,2.8,2.8,2.8
"EAST","117061","BHARTIYA","187550","GCSHEETTATXGCGC01045X1220X4270",0.45,1220,10.5,10.5,10.5
"EAST","117061","BHARTIYA","442562","GCSHEETTATXGCGC013X1220X3660",0.3,1220,12.4,12.4,12.4
"EAST","117061","BHARTIYA","186547","GCSHEETTATXGCGC01050X1220X4270",0.5,1220,13.6,13.6,13.6
"EAST","117061","BHARTIYA","187549","GCSHEETTATXGCGC01045X1220X3660",0.45,1220,11.2,11.2,11.2
"EAST","117061","BHARTIYA","442282","GCSHEETTATXGCGC013X1220X4270",0.3,1220,4.9,4.9,4.9
"EAST","117061","BHARTIYA","187546","GCSHEETTATXGCGC01045X1220X2440",0.45,1220,8.7,8.7,8.7
"SOUTH","117556","S.C.SHETTAR","436110","GCSHEETTATXGCGC014X1220X4270",0.4,1220,15.9,15.9,15.9
"SOUTH","117556","S.C.SHETTAR","228914","GCSHEETTATXGCGC01060X1220X4880",0.6,1220,10.1,10.1,10.1
"SOUTH","117556","S.C.SHETTAR","220718","GCSHEETTATXGCGC0104X910X2440",0.4,910,8.1,8.1,8.1
"SOUTH","117556","S.C.SHETTAR","442562","GCSHEETTATXGCGC013X1220X3660",0.3,1220,17.7,17.7,17.7
"SOUTH","117556","S.C.SHETTAR","442561","GCSHEETTATXGCGC013X1220X3050",0.3,1220,8.7,8.7,8.7
"SOUTH","117556","S.C.SHETTAR","187549","GCSHEETTATXGCGC01045X1220X3660",0.45,1220,44.9,33.5,33.5
"SOUTH","117556","S.C.SHETTAR","180199","GCSHEETTATXGCGC01050X1220X3660",0.5,1220,34.2,34.2,34.2
"SOUTH","117556","S.C.SHETTAR","436231","GCSHEETTATXGCGC014X1220X3050",0.4,1220,7.9,7.9,7.9
"SOUTH","117556","S.C.SHETTAR","220719","GCSHEETTATXGCGC0104X910X3050",0.4,910,12.2,12.2,12.2
"SOUTH","117556","S.C.SHETTAR","187550","GCSHEETTATXGCGC01045X1220X4270",0.45,1220,24.6,24.6,24.6
"SOUTH","117556","S.C.SHETTAR","186548","GCSHEETTATXGCGC01050X1220X4880",0.5,1220,20.4,20.4,20.4
"SOUTH","117556","S.C.SHETTAR","228913","GCSHEETTATXGCGC01045X1220X4880",0.45,1220,20.4,20.4,20.4
"SOUTH","117556","S.C.SHETTAR","220707","GCSHEETTATXGCGC01030X910X3050",0.3,910,47.9,47.9,47.9
"SOUTH","117556","S.C.SHETTAR","184006","GCSHEETTATXGCGC01060X1220X4270",0.6,1220,12.8,12.8,12.8
"SOUTH","117556","S.C.SHETTAR","436111","GCSHEETTATXGCGC014X1220X4880",0.4,1220,13.4,13.4,13.4
"SOUTH","117556","S.C.SHETTAR","220726","GCSHEETTATXGCGC01035X910X3660",0.35,910,7.3,8.9,10.4
"SOUTH","117556","S.C.SHETTAR","180189","GCSHEETTATXGCGC01060X1220X3050",0.6,1220,9.6,9.6,9.6
"SOUTH","117556","S.C.SHETTAR","195051","GCSHEETTATXGCGC01040X1220x3660",0.4,1220,26.3,26.3,26.3
"SOUTH","117556","S.C.SHETTAR","143170","GCSHEETTATXGCGC01020X800X3660",0.2,800,18,18,18
"SOUTH","117556","S.C.SHETTAR","306582","GCSHEETTATXGCGC0125X910X3660",0.25,910,26.6,26.6,26.6
"SOUTH","117556","S.C.SHETTAR","436262","GCSHEETTATXGCGC0135X1220X3660",0.35,1220,12.8,12.8,12.8
"SOUTH","117556","S.C.SHETTAR","220708","GCSHEETTATXGCGC01030X910X3660",0.3,910,71.8,71.8,71.8
"NORTH","117583","Bihani Enterprises","180187","GCSHEETTATXGCGC01050X1220X3050",0.5,1220,46.9,46.9,46.9
"NORTH","117583","Bihani Enterprises","436110","GCSHEETTATXGCGC014X1220X4270",0.4,1220,64.2,64.2,64.2
"NORTH","117583","Bihani Enterprises","180201","GCSHEETTATXGCGC01060X1220X3660",0.6,1220,22,22,22
"NORTH","117583","Bihani Enterprises","186548","GCSHEETTATXGCGC01050X1220X4880",0.5,1220,207.2,207.2,207.2
"NORTH","117583","Bihani Enterprises","436111","GCSHEETTATXGCGC014X1220X4880",0.4,1220,67.3,67.3,67.3
"NORTH","117583","Bihani Enterprises","195051","GCSHEETTATXGCGC01040X1220x3660",0.4,1220,102.5,102.5,102.5
"NORTH","117583","Bihani Enterprises","436231","GCSHEETTATXGCGC014X1220X3050",0.4,1220,33,33,33
"NORTH","117583","Bihani Enterprises","187548","GCSHEETTATXGCGC01045X1220X3050",0.45,1220,41.5,41.5,41.5
"NORTH","117583","Bihani Enterprises","436262","GCSHEETTATXGCGC0135X1220X3660",0.35,1220,36.5,36.5,36.5
"NORTH","117583","Bihani Enterprises","187550","GCSHEETTATXGCGC01045X1220X4270",0.45,1220,101,85.2,85.2
"NORTH","117583","Bihani Enterprises","228913","GCSHEETTATXGCGC01045X1220X4880",0.45,1220,105.2,105.2,105.2
"NORTH","117583","Bihani Enterprises","187549","GCSHEETTATXGCGC01045X1220X3660",0.45,1220,147.8,107.4,128.6
"NORTH","117583","Bihani Enterprises","180199","GCSHEETTATXGCGC01050X1220X3660",0.5,1220,170.5,170.5,170.5
"NORTH","117583","Bihani Enterprises","186547","GCSHEETTATXGCGC01050X1220X4270",0.5,1220,141.9,141.9,141.9
"NORTH","117583","Bihani Enterprises","442562","GCSHEETTATXGCGC013X1220X3660",0.3,1220,15.5,11.8,12.8
"WEST","120296","MMI (P)Ltd Aurangabad","195051","GCSHEETTATXGCGC01040X1220x3660",0.4,1220,69.2,53.4,53.4
"WEST","120296","MMI (P)Ltd Aurangabad","436291","GCSHEETTATXGCGC0135X1220X4880",0.35,1220,15.2,15.2,15.2
"WEST","120296","MMI (P)Ltd Aurangabad","186547","GCSHEETTATXGCGC01050X1220X4270",0.5,1220,11.1,9.5,15
"WEST","120296","MMI (P)Ltd Aurangabad","436111","GCSHEETTATXGCGC014X1220X4880",0.4,1220,36.4,37.9,38.4
"WEST","120296","MMI (P)Ltd Aurangabad","180187","GCSHEETTATXGCGC01050X1220X3050",0.5,1220,9.2,9.2,9.2
"WEST","120296","MMI (P)Ltd Aurangabad","228913","GCSHEETTATXGCGC01045X1220X4880",0.45,1220,46.1,46.1,46.1
"WEST","120296","MMI (P)Ltd Aurangabad","187548","GCSHEETTATXGCGC01045X1220X3050",0.45,1220,16.9,15.7,16.2
"WEST","120296","MMI (P)Ltd Aurangabad","436231","GCSHEETTATXGCGC014X1220X3050",0.4,1220,16.4,16.4,16.4
"WEST","120296","MMI (P)Ltd Aurangabad","436110","GCSHEETTATXGCGC014X1220X4270",0.4,1220,30.3,32.9,33.8
"WEST","120296","MMI (P)Ltd Aurangabad","187550","GCSHEETTATXGCGC01045X1220X4270",0.45,1220,52,52,52
"WEST","120296","MMI (P)Ltd Aurangabad","187549","GCSHEETTATXGCGC01045X1220X3660",0.45,1220,75.9,75.9,75.9
"WEST","120296","MMI (P)Ltd Aurangabad","436262","GCSHEETTATXGCGC0135X1220X3660",0.35,1220,16.8,20.1,21.8
"WEST","122875","Krishna Steel Trader","195051","GCSHEETTATXGCGC01040X1220x3660",0.4,1220,5,5,5
"WEST","122875","Krishna Steel Trader","306693","GCSHEETTATXGCGC0125X910X3050",0.25,910,6.7,6.7,6.7
"WEST","122875","Krishna Steel Trader","220720","GCSHEETTATXGCGC0104X910X3660",0.4,910,5.9,5.9,5.9
"WEST","122875","Krishna Steel Trader","186548","GCSHEETTATXGCGC01050X1220X4880",0.5,1220,7.8,7.8,7.8
"WEST","122875","Krishna Steel Trader","228913","GCSHEETTATXGCGC01045X1220X4880",0.45,1220,6.6,6.6,6.6
"WEST","122875","Krishna Steel Trader","220707","GCSHEETTATXGCGC01030X910X3050",0.3,910,6,5.8,5.8
"WEST","122875","Krishna Steel Trader","220721","GCSHEETTATXGCGC0104X910X4270",0.4,910,3.2,3.2,3.2
"WEST","122875","Krishna Steel Trader","187550","GCSHEETTATXGCGC01045X1220X4270",0.45,1220,12,12,12
"WEST","122875","Krishna Steel Trader","180187","GCSHEETTATXGCGC01050X1220X3050",0.5,1220,2.3,2.3,2.3
"WEST","122875","Krishna Steel Trader","306694","GCSHEETTATXGCGC0125X910X2440",0.25,910,3.5,3.5,3.5
"WEST","122875","Krishna Steel Trader","222757","GCSHEETTATXGCGC01045X910X3660",0.45,910,3.6,3.6,3.6
"WEST","122875","Krishna Steel Trader","306582","GCSHEETTATXGCGC0125X910X3660",0.25,910,7.1,7.1,7.1
"WEST","122875","Krishna Steel Trader","220719","GCSHEETTATXGCGC0104X910X3050",0.4,910,3.7,3.7,3.7
"WEST","122875","Krishna Steel Trader","220726","GCSHEETTATXGCGC01035X910X3660",0.35,910,3,3,3
"WEST","122875","Krishna Steel Trader","220718","GCSHEETTATXGCGC0104X910X2440",0.4,910,2.1,1.8,1.8
"WEST","122875","Krishna Steel Trader","186547","GCSHEETTATXGCGC01050X1220X4270",0.5,1220,14.5,15,14.8
"WEST","122875","Krishna Steel Trader","220722","GCSHEETTATXGCGC0104X910X4880",0.4,910,2.3,2.3,2.3
"WEST","122875","Krishna Steel Trader","436111","GCSHEETTATXGCGC014X1220X4880",0.4,1220,1.7,1.7,1.7
"WEST","122875","Krishna Steel Trader","220708","GCSHEETTATXGCGC01030X910X3660",0.3,910,6.4,6.4,6.4
"WEST","122875","Krishna Steel Trader","436110","GCSHEETTATXGCGC014X1220X4270",0.4,1220,4.4,4.4,4.4
"WEST","122875","Krishna Steel Trader","180199","GCSHEETTATXGCGC01050X1220X3660",0.5,1220,8.5,8.5,8.5
"WEST","122875","Krishna Steel Trader","222756","GCSHEETTATXGCGC01045X910X4270",0.45,910,2.2,2.2,2.2
"WEST","122875","Krishna Steel Trader","187549","GCSHEETTATXGCGC01045X1220X3660",0.45,1220,9,9,9
NA,"122963",NA,"442282","GCSHEETTATXGCGC013X1220X4270",0.3,1220,3.3,19.9,19.9
NA,"122963",NA,"436110","GCSHEETTATXGCGC014X1220X4270",0.4,1220,63.1,64.1,64.5
NA,"122963",NA,"180187","GCSHEETTATXGCGC01050X1220X3050",0.5,1220,28.6,28.6,28.6
NA,"122963",NA,"195051","GCSHEETTATXGCGC01040X1220x3660",0.4,1220,76.8,81.8,83.6
NA,"122963",NA,"187549","GCSHEETTATXGCGC01045X1220X3660",0.45,1220,85.8,88.7,89.3
NA,"122963",NA,"180201","GCSHEETTATXGCGC01060X1220X3660",0.6,1220,6.5,6.5,6.5
NA,"122963",NA,"436290","GCSHEETTATXGCGC0135X1220X4270",0.35,1220,33.7,33.7,33.7
NA,"122963",NA,"436231","GCSHEETTATXGCGC014X1220X3050",0.4,1220,35.7,35.7,35.7
NA,"122963",NA,"186548","GCSHEETTATXGCGC01050X1220X4880",0.5,1220,104.7,104.7,104.7
NA,"122963",NA,"187550","GCSHEETTATXGCGC01045X1220X4270",0.45,1220,78,78,78
NA,"122963",NA,"442561","GCSHEETTATXGCGC013X1220X3050",0.3,1220,19.6,20.8,21.3
NA,"122963",NA,"442562","GCSHEETTATXGCGC013X1220X3660",0.3,1220,39.9,39.9,39.9
NA,"122963",NA,"180199","GCSHEETTATXGCGC01050X1220X3660",0.5,1220,65.5,70.3,71.7
NA,"122963",NA,"228913","GCSHEETTATXGCGC01045X1220X4880",0.45,1220,30.6,90,90
"NORTH","128543","VIKRANT IRON PRIVATE LIMITED","187550","GCSHEETTATXGCGC01045X1220X4270",0.45,1220,6.4,4.8,6.3
"NORTH","128543","VIKRANT IRON PRIVATE LIMITED","187549","GCSHEETTATXGCGC01045X1220X3660",0.45,1220,13.7,13.7,13.7
"NORTH","128543","VIKRANT IRON PRIVATE LIMITED","180202","GCSHEETTATXGCGC01063X1220X3660",0.63,1220,7.7,6.5,6.5
"NORTH","128543","VIKRANT IRON PRIVATE LIMITED","436262","GCSHEETTATXGCGC0135X1220X3660",0.35,1220,9,9.8,9.8
"NORTH","128543","VIKRANT IRON PRIVATE LIMITED","228913","GCSHEETTATXGCGC01045X1220X4880",0.45,1220,7.8,7.8,7.8
"NORTH","128543","VIKRANT IRON PRIVATE LIMITED","195051","GCSHEETTATXGCGC01040X1220x3660",0.4,1220,11.7,11.7,11.7
"NORTH","128543","VIKRANT IRON PRIVATE LIMITED","442562","GCSHEETTATXGCGC013X1220X3660",0.3,1220,10.1,10.1,10.1
"NORTH","128543","VIKRANT IRON PRIVATE LIMITED","436290","GCSHEETTATXGCGC0135X1220X4270",0.35,1220,5.3,5.3,5.3
"NORTH","150962","BIHANI INTERNATIONAL PVT LTD.","143197","GCSHEETTATXGCGC01030X800X3660",0.3,800,2.7,2.7,2.7
"NORTH","150962","BIHANI INTERNATIONAL PVT LTD.","143196","GCSHEETTATXGCGC01030X800X3050",0.3,800,2,2,2
"WEST","158122","WRINKLE DISTRIBUTORS PVT LTD.","228913","GCSHEETTATXGCGC01045X1220X4880",0.45,1220,23.9,23.9,23.9
"WEST","158122","WRINKLE DISTRIBUTORS PVT LTD.","180202","GCSHEETTATXGCGC01063X1220X3660",0.63,1220,23.6,23.6,23.6
"WEST","158122","WRINKLE DISTRIBUTORS PVT LTD.","195051","GCSHEETTATXGCGC01040X1220x3660",0.4,1220,14.3,14.3,14.3
"WEST","158122","WRINKLE DISTRIBUTORS PVT LTD.","184006","GCSHEETTATXGCGC01060X1220X4270",0.6,1220,28.5,28.5,28.5
"WEST","158122","WRINKLE DISTRIBUTORS PVT LTD.","186547","GCSHEETTATXGCGC01050X1220X4270",0.5,1220,60.4,60.4,60.4
"WEST","158122","WRINKLE DISTRIBUTORS PVT LTD.","228914","GCSHEETTATXGCGC01060X1220X4880",0.6,1220,33.8,33.8,33.8
"WEST","158122","WRINKLE DISTRIBUTORS PVT LTD.","180187","GCSHEETTATXGCGC01050X1220X3050",0.5,1220,43.4,43.4,43.4
"WEST","158122","WRINKLE DISTRIBUTORS PVT LTD.","221071","GCSHEETTATXGCGC01060X910X3050",0.6,910,8,8,8
"WEST","158122","WRINKLE DISTRIBUTORS PVT LTD.","180199","GCSHEETTATXGCGC01050X1220X3660",0.5,1220,77.2,77.2,77.2
"WEST","158122","WRINKLE DISTRIBUTORS PVT LTD.","186548","GCSHEETTATXGCGC01050X1220X4880",0.5,1220,76.2,76.2,76.2
"WEST","160245","M/S SHREE SALES","436231","GCSHEETTATXGCGC014X1220X3050",0.4,1220,8.9,5.7,15.9
"WEST","160245","M/S SHREE SALES","180199","GCSHEETTATXGCGC01050X1220X3660",0.5,1220,25.3,25.3,25.3
"WEST","160245","M/S SHREE SALES","436110","GCSHEETTATXGCGC014X1220X4270",0.4,1220,11.7,11.7,11.7
"WEST","160245","M/S SHREE SALES","195051","GCSHEETTATXGCGC01040X1220x3660",0.4,1220,22.3,22.3,22.3
"WEST","160245","M/S SHREE SALES","436262","GCSHEETTATXGCGC0135X1220X3660",0.35,1220,12.4,12.4,12.4
"WEST","160245","M/S SHREE SALES","442561","GCSHEETTATXGCGC013X1220X3050",0.3,1220,9,9,9
"WEST","160245","M/S SHREE SALES","186547","GCSHEETTATXGCGC01050X1220X4270",0.5,1220,17.2,17.2,17.2
"NORTH","162906","MANGLA SONS","231213","GCSHEETTATXGCGC01050X910X2440",0.5,910,19.2,18.6,18.9
"NORTH","162906","MANGLA SONS","222759","GCSHEETTATXGCGC01045X910X2440",0.45,910,6.7,6.2,6.4
"NORTH","162906","MANGLA SONS","221068","GCSHEETTATXGCGC01050X910X3050",0.5,910,40.1,40.1,40.1
"NORTH","162906","MANGLA SONS","220720","GCSHEETTATXGCGC0104X910X3660",0.4,910,16.4,16.4,16.4
"NORTH","162906","MANGLA SONS","220719","GCSHEETTATXGCGC0104X910X3050",0.4,910,17.7,17.7,17.7
"NORTH","162906","MANGLA SONS","220708","GCSHEETTATXGCGC01030X910X3660",0.3,910,7.8,7.8,7.8
"NORTH","162906","MANGLA SONS","221069","GCSHEETTATXGCGC01050X910X3660",0.5,910,31,31,31
"NORTH","162906","MANGLA SONS","222757","GCSHEETTATXGCGC01045X910X3660",0.45,910,11.5,11.5,11.5
"NORTH","162906","MANGLA SONS","220726","GCSHEETTATXGCGC01035X910X3660",0.35,910,7.7,7.7,7.7
"NORTH","162906","MANGLA SONS","220718","GCSHEETTATXGCGC0104X910X2440",0.4,910,8.2,8.2,8.2
"NORTH","162906","MANGLA SONS","231231","GCSHEETTATXGCGC01063X910X3050",0.63,910,26.7,26.7,26.7
"NORTH","162906","MANGLA SONS","231276","GCSHEETTATXGCGC01063X910X3660",0.63,910,20.7,20.7,20.7
"NORTH","162906","MANGLA SONS","222758","GCSHEETTATXGCGC01045X910X3050",0.45,910,14.4,14.4,14.4
"NORTH","162906","MANGLA SONS","220707","GCSHEETTATXGCGC01030X910X3050",0.3,910,6.7,6.7,6.7
"WEST","164976","B ODHAVJI & COMPANY","195051","GCSHEETTATXGCGC01040X1220x3660",0.4,1220,18.9,18.9,18.9
"WEST","164976","B ODHAVJI & COMPANY","221072","GCSHEETTATXGCGC01060X910X3660",0.6,910,6.4,6.4,6.4
"WEST","164976","B ODHAVJI & COMPANY","228913","GCSHEETTATXGCGC01045X1220X4880",0.45,1220,27.2,27.2,27.2
"WEST","164976","B ODHAVJI & COMPANY","180199","GCSHEETTATXGCGC01050X1220X3660",0.5,1220,46.1,46.1,46.1
"WEST","164976","B ODHAVJI & COMPANY","222758","GCSHEETTATXGCGC01045X910X3050",0.45,910,9.6,8.5,9.7
"WEST","164976","B ODHAVJI & COMPANY","222757","GCSHEETTATXGCGC01045X910X3660",0.45,910,24.3,24.3,24.3
"WEST","164976","B ODHAVJI & COMPANY","436262","GCSHEETTATXGCGC0135X1220X3660",0.35,1220,9,8.3,8.6
"WEST","164976","B ODHAVJI & COMPANY","221070","GCSHEETTATXGCGC01050X910X4270",0.5,910,12.7,12.7,12.7
"WEST","164976","B ODHAVJI & COMPANY","220708","GCSHEETTATXGCGC01030X910X3660",0.3,910,10.1,10.1,10.1
"WEST","164976","B ODHAVJI & COMPANY","222756","GCSHEETTATXGCGC01045X910X4270",0.45,910,17.8,9.5,13.6
"WEST","164976","B ODHAVJI & COMPANY","180201","GCSHEETTATXGCGC01060X1220X3660",0.6,1220,5.1,5.1,5.1
"WEST","164976","B ODHAVJI & COMPANY","221069","GCSHEETTATXGCGC01050X910X3660",0.5,910,24.2,24.2,24.2
"WEST","164976","B ODHAVJI & COMPANY","436231","GCSHEETTATXGCGC014X1220X3050",0.4,1220,6.3,6.3,6.3
"WEST","164976","B ODHAVJI & COMPANY","220720","GCSHEETTATXGCGC0104X910X3660",0.4,910,24.1,24.1,24.1
"WEST","164976","B ODHAVJI & COMPANY","187550","GCSHEETTATXGCGC01045X1220X4270",0.45,1220,40.6,40.6,40.6
"WEST","164976","B ODHAVJI & COMPANY","180187","GCSHEETTATXGCGC01050X1220X3050",0.5,1220,22.1,22.1,22.1
"WEST","164976","B ODHAVJI & COMPANY","187549","GCSHEETTATXGCGC01045X1220X3660",0.45,1220,47,47,47
"WEST","164976","B ODHAVJI & COMPANY","220719","GCSHEETTATXGCGC0104X910X3050",0.4,910,10.5,10.5,10.5
"WEST","164976","B ODHAVJI & COMPANY","186547","GCSHEETTATXGCGC01050X1220X4270",0.5,1220,48.4,48.4,48.4
"WEST","164976","B ODHAVJI & COMPANY","182187","GCSHEETTATXGCGC01050X1220X2440",0.5,1220,4.6,4.6,4.6
"WEST","164976","B ODHAVJI & COMPANY","231229","GCSHEETTATXGCGC01050X910X4880",0.5,910,7.1,7.1,7.1
"WEST","164976","B ODHAVJI & COMPANY","186548","GCSHEETTATXGCGC01050X1220X4880",0.5,1220,40.9,40.9,40.9
"WEST","164976","B ODHAVJI & COMPANY","221068","GCSHEETTATXGCGC01050X910X3050",0.5,910,13,12.8,12.8
"WEST","164976","B ODHAVJI & COMPANY","220721","GCSHEETTATXGCGC0104X910X4270",0.4,910,8.7,8.7,8.7
"WEST","164976","B ODHAVJI & COMPANY","222755","GCSHEETTATXGCGC01045X910X4880",0.45,910,6.9,6.9,6.9
"WEST","164976","B ODHAVJI & COMPANY","187548","GCSHEETTATXGCGC01045X1220X3050",0.45,1220,16.9,16.9,16.9
"WEST","164976","B ODHAVJI & COMPANY","306582","GCSHEETTATXGCGC0125X910X3660",0.25,910,6.8,6.8,6.8
"NORTH","165873","Fairdeal Enterprises","143231","GCSHEETTATXGCGC01040X800X4880",0.4,800,9.2,9.2,9.2
"NORTH","165873","Fairdeal Enterprises","187548","GCSHEETTATXGCGC01045X1220X3050",0.45,1220,5.4,5.4,5.4
"NORTH","165873","Fairdeal Enterprises","187549","GCSHEETTATXGCGC01045X1220X3660",0.45,1220,6.8,9.4,8.2
"NORTH","165873","Fairdeal Enterprises","143197","GCSHEETTATXGCGC01030X800X3660",0.3,800,11.1,11.1,11.1
"NORTH","165873","Fairdeal Enterprises","195051","GCSHEETTATXGCGC01040X1220x3660",0.4,1220,13.3,13.3,13.3
"NORTH","165873","Fairdeal Enterprises","143230","GCSHEETTATXGCGC01040X800X4270",0.4,800,4.5,5.1,5
"NORTH","165873","Fairdeal Enterprises","436110","GCSHEETTATXGCGC014X1220X4270",0.4,1220,12.8,12.8,12.8
"NORTH","165873","Fairdeal Enterprises","143198","GCSHEETTATXGCGC01030X800X4270",0.3,800,6.5,6.5,6.5
"NORTH","165873","Fairdeal Enterprises","228913","GCSHEETTATXGCGC01045X1220X4880",0.45,1220,10.4,10.4,10.4
"NORTH","165873","Fairdeal Enterprises","436111","GCSHEETTATXGCGC014X1220X4880",0.4,1220,18.2,18.2,18.2
"NORTH","165873","Fairdeal Enterprises","187550","GCSHEETTATXGCGC01045X1220X4270",0.45,1220,4.6,7,4.9
"NORTH","165873","Fairdeal Enterprises","436231","GCSHEETTATXGCGC014X1220X3050",0.4,1220,7.3,7,7.1
NA,"803242",NA,"220725","GCSHEETTATXGCGC01035X910X3050",0.35,910,5.7,5.7,5.7
NA,"813502",NA,"143169","GCSHEETTATXGCGC01020X800X3050",0.2,800,7.1,7.1,7.1
NA,"813502",NA,"436261","GCSHEETTATXGCGC0135X1220X3050",0.35,1220,10,4.3,12.2
NA,"813502",NA,"442560","GCSHEETTATXGCGC013X1220X2440",0.3,1220,7.8,7.8,7.8
NA,"813502",NA,"306693","GCSHEETTATXGCGC0125X910X3050",0.25,910,13.7,14.5,14.7
NA,"813502",NA,"436262","GCSHEETTATXGCGC0135X1220X3660",0.35,1220,19.6,19.6,19.6
NA,"813502",NA,"195051","GCSHEETTATXGCGC01040X1220x3660",0.4,1220,17.8,17.8,17.8
NA,"813502",NA,"436290","GCSHEETTATXGCGC0135X1220X4270",0.35,1220,13.8,13.8,13.8
NA,"813502",NA,"442562","GCSHEETTATXGCGC013X1220X3660",0.3,1220,28.9,28.9,28.9
NA,"813502",NA,"187549","GCSHEETTATXGCGC01045X1220X3660",0.45,1220,6.5,6.5,6.5
NA,"813502",NA,"306582","GCSHEETTATXGCGC0125X910X3660",0.25,910,21.7,21.7,21.7
NA,"813502",NA,"306694","GCSHEETTATXGCGC0125X910X2440",0.25,910,7.3,7.3,7.3
NA,"813502",NA,"442561","GCSHEETTATXGCGC013X1220X3050",0.3,1220,16.3,16.3,16.3
NA,"813502",NA,"182187","GCSHEETTATXGCGC01050X1220X2440",0.5,1220,4.2,4.2,4.2
NA,"813502",NA,"442282","GCSHEETTATXGCGC013X1220X4270",0.3,1220,12.7,12.7,12.7
NA,"813502",NA,"436110","GCSHEETTATXGCGC014X1220X4270",0.4,1220,11.6,11.6,11.6
NA,"813502",NA,"306580","GCSHEETTATXGCGC0125X910X4270",0.25,910,5.7,5.7,5.7
NA,"813502",NA,"187550","GCSHEETTATXGCGC01045X1220X4270",0.45,1220,3.7,3.7,3.7
NA,"813502",NA,"186547","GCSHEETTATXGCGC01050X1220X4270",0.5,1220,6.4,6.4,6.4
NA,"813502",NA,"180199","GCSHEETTATXGCGC01050X1220X3660",0.5,1220,11.8,10,11.8
"SOUTH","817901","KAUSALYA AGENCIES","306693","GCSHEETTATXGCGC0125X910X3050",0.25,910,8.5,8.5,8.5
"SOUTH","817901","KAUSALYA AGENCIES","442562","GCSHEETTATXGCGC013X1220X3660",0.3,1220,18,18,18
"SOUTH","817901","KAUSALYA AGENCIES","187548","GCSHEETTATXGCGC01045X1220X3050",0.45,1220,7.7,8,7.9
"SOUTH","817901","KAUSALYA AGENCIES","228913","GCSHEETTATXGCGC01045X1220X4880",0.45,1220,12,12,12
"SOUTH","817901","KAUSALYA AGENCIES","436110","GCSHEETTATXGCGC014X1220X4270",0.4,1220,7.4,7.4,7.4
"SOUTH","817901","KAUSALYA AGENCIES","186547","GCSHEETTATXGCGC01050X1220X4270",0.5,1220,7.5,7.5,7.5
"SOUTH","817901","KAUSALYA AGENCIES","195051","GCSHEETTATXGCGC01040X1220x3660",0.4,1220,12.3,12.3,12.3
"SOUTH","817901","KAUSALYA AGENCIES","220706","GCSHEETTATXGCGC01030X910X2440",0.3,910,13.3,13.3,13.3
"SOUTH","817901","KAUSALYA AGENCIES","187549","GCSHEETTATXGCGC01045X1220X3660",0.45,1220,12,12,12
"SOUTH","817901","KAUSALYA AGENCIES","180201","GCSHEETTATXGCGC01060X1220X3660",0.6,1220,4.3,4.3,4.3
"SOUTH","817901","KAUSALYA AGENCIES","442561","GCSHEETTATXGCGC013X1220X3050",0.3,1220,11.1,11.1,11.1
"SOUTH","817901","KAUSALYA AGENCIES","442282","GCSHEETTATXGCGC013X1220X4270",0.3,1220,9.5,9.5,9.5
"SOUTH","817901","KAUSALYA AGENCIES","180199","GCSHEETTATXGCGC01050X1220X3660",0.5,1220,10.2,10.2,10.2
"SOUTH","817901","KAUSALYA AGENCIES","184006","GCSHEETTATXGCGC01060X1220X4270",0.6,1220,3.6,3.6,3.6
"SOUTH","817901","KAUSALYA AGENCIES","306582","GCSHEETTATXGCGC0125X910X3660",0.25,910,9.8,11.5,10.9
"SOUTH","826558","V.N.C. STEEL DISTRIBUTORS","220707","GCSHEETTATXGCGC01030X910X3050",0.3,910,93.8,93.8,93.8
"SOUTH","826558","V.N.C. STEEL DISTRIBUTORS","187548","GCSHEETTATXGCGC01045X1220X3050",0.45,1220,18.4,18.4,18.4
"SOUTH","826558","V.N.C. STEEL DISTRIBUTORS","306694","GCSHEETTATXGCGC0125X910X2440",0.25,910,17.3,17.3,17.3
"SOUTH","826558","V.N.C. STEEL DISTRIBUTORS","220724","GCSHEETTATXGCGC01035X910X2440",0.35,910,16.3,16.3,16.3
"SOUTH","826558","V.N.C. STEEL DISTRIBUTORS","187549","GCSHEETTATXGCGC01045X1220X3660",0.45,1220,25.1,24.5,24.7
"SOUTH","826558","V.N.C. STEEL DISTRIBUTORS","220719","GCSHEETTATXGCGC0104X910X3050",0.4,910,15.1,13.9,13.9
"SOUTH","826558","V.N.C. STEEL DISTRIBUTORS","442562","GCSHEETTATXGCGC013X1220X3660",0.3,1220,15,15,15
"SOUTH","826558","V.N.C. STEEL DISTRIBUTORS","187546","GCSHEETTATXGCGC01045X1220X2440",0.45,1220,6.2,6.2,6.2
"SOUTH","826558","V.N.C. STEEL DISTRIBUTORS","221071","GCSHEETTATXGCGC01060X910X3050",0.6,910,3.2,3.2,3.2
"SOUTH","826558","V.N.C. STEEL DISTRIBUTORS","195051","GCSHEETTATXGCGC01040X1220x3660",0.4,1220,8.5,8.5,8.5
"SOUTH","826558","V.N.C. STEEL DISTRIBUTORS","220706","GCSHEETTATXGCGC01030X910X2440",0.3,910,43.8,43.8,43.8
"SOUTH","826558","V.N.C. STEEL DISTRIBUTORS","187550","GCSHEETTATXGCGC01045X1220X4270",0.45,1220,9.1,9.1,9.1
"SOUTH","826558","V.N.C. STEEL DISTRIBUTORS","143169","GCSHEETTATXGCGC01020X800X3050",0.2,800,11.6,11.6,11.6
"SOUTH","826558","V.N.C. STEEL DISTRIBUTORS","220726","GCSHEETTATXGCGC01035X910X3660",0.35,910,35.5,35.5,35.5
"SOUTH","826558","V.N.C. STEEL DISTRIBUTORS","442282","GCSHEETTATXGCGC013X1220X4270",0.3,1220,18.5,18.5,18.5
"SOUTH","826558","V.N.C. STEEL DISTRIBUTORS","220720","GCSHEETTATXGCGC0104X910X3660",0.4,910,15.7,15.7,15.7
"SOUTH","826558","V.N.C. STEEL DISTRIBUTORS","306693","GCSHEETTATXGCGC0125X910X3050",0.25,910,27.2,27.2,27.2
"SOUTH","826558","V.N.C. STEEL DISTRIBUTORS","220725","GCSHEETTATXGCGC01035X910X3050",0.35,910,30.5,30.5,30.5
"SOUTH","826558","V.N.C. STEEL DISTRIBUTORS","436261","GCSHEETTATXGCGC0135X1220X3050",0.35,1220,7.6,7.6,7.6
"SOUTH","826558","V.N.C. STEEL DISTRIBUTORS","436290","GCSHEETTATXGCGC0135X1220X4270",0.35,1220,5.7,5.7,5.7
"SOUTH","826558","V.N.C. STEEL DISTRIBUTORS","306582","GCSHEETTATXGCGC0125X910X3660",0.25,910,32,32,32
"SOUTH","826558","V.N.C. STEEL DISTRIBUTORS","442561","GCSHEETTATXGCGC013X1220X3050",0.3,1220,12.7,12.7,12.7
"SOUTH","826558","V.N.C. STEEL DISTRIBUTORS","220708","GCSHEETTATXGCGC01030X910X3660",0.3,910,97.7,97.7,97.7
"WEST","826773","BODHAVJI AND COMPANY(Nanded)","306582","GCSHEETTATXGCGC0125X910X3660",0.25,910,6.4,6.4,6.4
"WEST","826773","BODHAVJI AND COMPANY(Nanded)","436231","GCSHEETTATXGCGC014X1220X3050",0.4,1220,6.8,5.3,5.8
"WEST","826773","BODHAVJI AND COMPANY(Nanded)","436111","GCSHEETTATXGCGC014X1220X4880",0.4,1220,10.1,10.1,10.1
"WEST","826773","BODHAVJI AND COMPANY(Nanded)","220726","GCSHEETTATXGCGC01035X910X3660",0.35,910,9.2,9.2,9.2
"WEST","826773","BODHAVJI AND COMPANY(Nanded)","222756","GCSHEETTATXGCGC01045X910X4270",0.45,910,10.8,10.8,10.8
"WEST","826773","BODHAVJI AND COMPANY(Nanded)","187549","GCSHEETTATXGCGC01045X1220X3660",0.45,1220,35.7,35.7,35.7
"WEST","826773","BODHAVJI AND COMPANY(Nanded)","228913","GCSHEETTATXGCGC01045X1220X4880",0.45,1220,13.8,13.8,13.8
"WEST","826773","BODHAVJI AND COMPANY(Nanded)","436110","GCSHEETTATXGCGC014X1220X4270",0.4,1220,22.4,22.4,22.4
"WEST","826773","BODHAVJI AND COMPANY(Nanded)","306694","GCSHEETTATXGCGC0125X910X2440",0.25,910,2.7,2.7,2.7
"WEST","826773","BODHAVJI AND COMPANY(Nanded)","220725","GCSHEETTATXGCGC01035X910X3050",0.35,910,4,4,4
"WEST","826773","BODHAVJI AND COMPANY(Nanded)","195051","GCSHEETTATXGCGC01040X1220x3660",0.4,1220,36.1,36.1,36.1
"WEST","826773","BODHAVJI AND COMPANY(Nanded)","187550","GCSHEETTATXGCGC01045X1220X4270",0.45,1220,24.5,24.5,24.5
"WEST","826773","BODHAVJI AND COMPANY(Nanded)","436261","GCSHEETTATXGCGC0135X1220X3050",0.35,1220,3.5,3.5,3.5
"WEST","826773","BODHAVJI AND COMPANY(Nanded)","222758","GCSHEETTATXGCGC01045X910X3050",0.45,910,6.8,6.8,6.8
"WEST","826773","BODHAVJI AND COMPANY(Nanded)","221069","GCSHEETTATXGCGC01050X910X3660",0.5,910,15,15,15
"WEST","826773","BODHAVJI AND COMPANY(Nanded)","436290","GCSHEETTATXGCGC0135X1220X4270",0.35,1220,15.1,14.1,14.7
"WEST","826773","BODHAVJI AND COMPANY(Nanded)","222757","GCSHEETTATXGCGC01045X910X3660",0.45,910,23.8,23.8,23.8
"WEST","826773","BODHAVJI AND COMPANY(Nanded)","442562","GCSHEETTATXGCGC013X1220X3660",0.3,1220,6.8,6.8,6.8
NA,"828300",NA,"143228","GCSHEETTATXGCGC01040X800X3050",0.4,800,17.6,17.6,17.6
NA,"828300",NA,"143144","GCSHEETTATXGCGC01035X800X2440",0.35,800,39.4,39.4,39.4
NA,"828300",NA,"143175","GCSHEETTATXGCGC01025X800X2740",0.25,800,5.2,5.2,5.2
NA,"828300",NA,"143195","GCSHEETTATXGCGC01030X800X2740",0.3,800,38.8,40.8,41.4
NA,"828300",NA,"187549","GCSHEETTATXGCGC01045X1220X3660",0.45,1220,35.7,35.7,35.7
NA,"828300",NA,"143221","GCSHEETTATXGCGC01035X800X2740",0.35,800,61.7,66.9,68.6
NA,"828300",NA,"143226","GCSHEETTATXGCGC01040X800X2740",0.4,800,37.4,37.4,37.4
NA,"828300",NA,"187550","GCSHEETTATXGCGC01045X1220X4270",0.45,1220,27.8,27.8,27.8
"SOUTH","847471","AASHRAY ENTERPRISES","184006","GCSHEETTATXGCGC01060X1220X4270",0.6,1220,4.1,4.1,4.1
"SOUTH","847471","AASHRAY ENTERPRISES","222758","GCSHEETTATXGCGC01045X910X3050",0.45,910,3.3,3.3,3.3
"SOUTH","847471","AASHRAY ENTERPRISES","180187","GCSHEETTATXGCGC01050X1220X3050",0.5,1220,5,5,5
"SOUTH","847471","AASHRAY ENTERPRISES","220718","GCSHEETTATXGCGC0104X910X2440",0.4,910,2.2,2.2,2.2
"SOUTH","847471","AASHRAY ENTERPRISES","220719","GCSHEETTATXGCGC0104X910X3050",0.4,910,3.9,3.9,3.9
"SOUTH","847471","AASHRAY ENTERPRISES","220720","GCSHEETTATXGCGC0104X910X3660",0.4,910,6.6,6.5,6.4
"SOUTH","847471","AASHRAY ENTERPRISES","187550","GCSHEETTATXGCGC01045X1220X4270",0.45,1220,10.2,10.2,10.2
"SOUTH","847471","AASHRAY ENTERPRISES","220725","GCSHEETTATXGCGC01035X910X3050",0.35,910,5.6,5.6,5.6
"SOUTH","847471","AASHRAY ENTERPRISES","220707","GCSHEETTATXGCGC01030X910X3050",0.3,910,12.4,12.4,12.4
"SOUTH","847471","AASHRAY ENTERPRISES","436262","GCSHEETTATXGCGC0135X1220X3660",0.35,1220,6.8,6.8,6.8
"SOUTH","847471","AASHRAY ENTERPRISES","436110","GCSHEETTATXGCGC014X1220X4270",0.4,1220,7.3,7.3,7.3
"SOUTH","847471","AASHRAY ENTERPRISES","195051","GCSHEETTATXGCGC01040X1220x3660",0.4,1220,11.7,11.7,11.7
"SOUTH","847471","AASHRAY ENTERPRISES","442562","GCSHEETTATXGCGC013X1220X3660",0.3,1220,6.1,6.1,6.1
"SOUTH","847471","AASHRAY ENTERPRISES","220722","GCSHEETTATXGCGC0104X910X4880",0.4,910,3.1,3.1,3.1
"SOUTH","847471","AASHRAY ENTERPRISES","436261","GCSHEETTATXGCGC0135X1220X3050",0.35,1220,3.2,3.2,3.2
"SOUTH","847471","AASHRAY ENTERPRISES","220708","GCSHEETTATXGCGC01030X910X3660",0.3,910,18.5,18.5,18.5
"SOUTH","847471","AASHRAY ENTERPRISES","220726","GCSHEETTATXGCGC01035X910X3660",0.35,910,7.6,7.6,7.6
"SOUTH","847471","AASHRAY ENTERPRISES","442561","GCSHEETTATXGCGC013X1220X3050",0.3,1220,4,4,4
"SOUTH","847471","AASHRAY ENTERPRISES","187548","GCSHEETTATXGCGC01045X1220X3050",0.45,1220,7.1,7.1,7.1
"SOUTH","847471","AASHRAY ENTERPRISES","180199","GCSHEETTATXGCGC01050X1220X3660",0.5,1220,9,9,9
"SOUTH","847471","AASHRAY ENTERPRISES","436231","GCSHEETTATXGCGC014X1220X3050",0.4,1220,5.5,5.5,5.5
"SOUTH","847471","AASHRAY ENTERPRISES","187549","GCSHEETTATXGCGC01045X1220X3660",0.45,1220,11.2,11.8,12.3
"SOUTH","847471","AASHRAY ENTERPRISES","186547","GCSHEETTATXGCGC01050X1220X4270",0.5,1220,7.5,7.5,7.5
"SOUTH","847471","AASHRAY ENTERPRISES","436290","GCSHEETTATXGCGC0135X1220X4270",0.35,1220,3.5,3.5,3.5
"SOUTH","847471","AASHRAY ENTERPRISES","221069","GCSHEETTATXGCGC01050X910X3660",0.5,910,5.3,5.3,5.3
"SOUTH","847471","AASHRAY ENTERPRISES","222757","GCSHEETTATXGCGC01045X910X3660",0.45,910,4,4,4
"SOUTH","847471","AASHRAY ENTERPRISES","186548","GCSHEETTATXGCGC01050X1220X4880",0.5,1220,8,7.7,7.8
"SOUTH","847471","AASHRAY ENTERPRISES","180189","GCSHEETTATXGCGC01060X1220X3050",0.6,1220,3.6,3.6,3.6
"SOUTH","847471","AASHRAY ENTERPRISES","180201","GCSHEETTATXGCGC01060X1220X3660",0.6,1220,4.3,4.3,4.3
"SOUTH","847471","AASHRAY ENTERPRISES","228913","GCSHEETTATXGCGC01045X1220X4880",0.45,1220,8.5,8.5,8.5
NA,"856737",NA,"143221","GCSHEETTATXGCGC01035X800X2740",0.35,800,7,7,7
NA,"868275",NA,"143143","GCSHEETTATXGCGC01030X800X2440",0.3,800,7.2,7.2,7.2
NA,"868275",NA,"143196","GCSHEETTATXGCGC01030X800X3050",0.3,800,12.6,12.6,12.6
NA,"868275",NA,"143222","GCSHEETTATXGCGC01035X800X3050",0.35,800,9.8,9.8,9.8
"NORTH","879490","M/S. MANGLA SONS","195051","GCSHEETTATXGCGC01040X1220x3660",0.4,1220,2.2,4.3,1.9
"NORTH","879490","M/S. MANGLA SONS","436262","GCSHEETTATXGCGC0135X1220X3660",0.35,1220,2.8,2.8,2.8
"NORTH","879490","M/S. MANGLA SONS","442649","GCSHEETTATXGCGC013X1220X4880",0.3,1220,2.8,2.8,2.8
"NORTH","918574","K L P K - Gorakhpur","187549","GCSHEETTATXGCGC01045X1220X3660",0.45,1220,9.4,9.4,9.4
"NORTH","918574","K L P K - Gorakhpur","436231","GCSHEETTATXGCGC014X1220X3050",0.4,1220,4,4,4
"NORTH","918574","K L P K - Gorakhpur","187550","GCSHEETTATXGCGC01045X1220X4270",0.45,1220,4,4,4
